site_id,old_tier,old_statement,new_tier,new_statement,delta,ci95_lo,ci95_hi,matched_months,reason
01-06-018-26W4 (100),detected,no significant change vs baseline,detected,no change beyond threshold vs baseline,0.0568,-0.1486,0.1899,5,|delta| +0.057 below ±0.08
01-28-020-27W4 (Facility),identified,vegetation recovering,detected,"change beyond threshold, not supported: no 95% CI (fewer than 4 matched months)",0.0983,,,2,delta +0.098 beyond ±0.08 but no CI (2 matched months < 4)
01-36-021-26W4 (100/05-31),detected,no significant change vs baseline,detected,no change beyond threshold vs baseline,0.0304,-0.0123,0.1219,4,|delta| +0.030 below ±0.08
02-02-030-18W4 (100),detected,no significant change vs baseline,detected,no change beyond threshold vs baseline,0.047,-0.0679,0.1049,5,|delta| +0.047 below ±0.08
02-07-019-27W4 (100),identified,vegetation recovering,identified,NDVI higher than baseline in the analysis square (screening signal),0.0836,0.0394,0.1499,4,"delta +0.084 beyond ±0.08 and 95% CI [+0.039, +0.150] excludes zero"
02-13-016-22W4 (100),detected,no significant change vs baseline,detected,no change beyond threshold vs baseline,0.0595,0.0347,0.115,5,|delta| +0.059 below ±0.08
02-23-012-22W4 (100),detected,no significant change vs baseline,detected,no change beyond threshold vs baseline,0.0565,0.0165,0.1623,4,|delta| +0.057 below ±0.08
03-08-018-26W4 (100),detected,no significant change vs baseline,detected,no change beyond threshold vs baseline,0.0773,-0.2797,0.2608,5,|delta| +0.077 below ±0.08
03-28-016-20W4 (100),detected,no significant change vs baseline,detected,no change beyond threshold vs baseline,0.0172,-0.0199,0.0449,5,|delta| +0.017 below ±0.08
03-29-030-24W4 (102/14-29),detected,no significant change vs baseline,detected,no change beyond threshold vs baseline,0.0058,-0.2142,0.1526,5,|delta| +0.006 below ±0.08
04-06-031-28W4 (100),detected,no significant change vs baseline,detected,no change beyond threshold vs baseline,-0.0044,-0.0264,0.1849,4,|delta| -0.004 below ±0.08
04-12-014-20W4 (100),identified,vegetation recovering,detected,"change beyond threshold, not supported: 95% CI includes zero",0.0865,-0.0248,0.2166,5,"delta +0.086 beyond ±0.08 but 95% CI [-0.025, +0.217] includes zero"
04-21-011-27W4 (100),detected,no significant change vs baseline,detected,no change beyond threshold vs baseline,0.0224,-0.0826,0.0768,4,|delta| +0.022 below ±0.08
04-27-035-25W4 (102),identified,vegetation stalled or regressing,detected,"change beyond threshold, not supported: 95% CI includes zero",-0.18,-0.408,0.1564,4,"delta -0.180 beyond ±0.08 but 95% CI [-0.408, +0.156] includes zero"
04-28-038-03W5 (100),detected,no significant change vs baseline,detected,no change beyond threshold vs baseline,-0.0432,-0.0866,0.0754,5,|delta| -0.043 below ±0.08
05-08-019-27W4 (100),detected,no significant change vs baseline,detected,no change beyond threshold vs baseline,0.0661,,,3,|delta| +0.066 below ±0.08
05-13-020-27W4 (100),identified,vegetation recovering,detected,"change beyond threshold, not supported: no 95% CI (fewer than 4 matched months)",0.2116,,,2,delta +0.212 beyond ±0.08 but no CI (2 matched months < 4)
05-17-014-20W4 (100),detected,no significant change vs baseline,detected,no change beyond threshold vs baseline,0.0151,-0.0385,0.1173,5,|delta| +0.015 below ±0.08
05-17-019-27W4 (100),detected,no significant change vs baseline,detected,no change beyond threshold vs baseline,0.0798,,,2,|delta| +0.080 below ±0.08
05-33-017-20W4 (100),detected,no significant change vs baseline,detected,no change beyond threshold vs baseline,0.0469,-0.0136,0.1289,5,|delta| +0.047 below ±0.08
05-34-016-20W4 (102),identified,vegetation recovering,identified,NDVI higher than baseline in the analysis square (screening signal),0.0857,0.0141,0.2089,4,"delta +0.086 beyond ±0.08 and 95% CI [+0.014, +0.209] excludes zero"
06-06-014-21W4 (100),detected,no significant change vs baseline,detected,no change beyond threshold vs baseline,-0.0287,-0.1054,0.1788,5,|delta| -0.029 below ±0.08
06-07-014-20W4 (100),detected,no significant change vs baseline,detected,no change beyond threshold vs baseline,-0.0049,-0.0306,0.1235,5,|delta| -0.005 below ±0.08
06-07-022-25W4 (100),identified,vegetation recovering,detected,"change beyond threshold, not supported: 95% CI includes zero",0.0804,-0.0938,0.1111,4,"delta +0.080 beyond ±0.08 but 95% CI [-0.094, +0.111] includes zero"
06-08-031-01W5 (100),detected,no significant change vs baseline,detected,no change beyond threshold vs baseline,0.0334,-0.0013,0.1156,4,|delta| +0.033 below ±0.08
06-11-018-26W4 (100),identified,vegetation recovering,detected,"change beyond threshold, not supported: 95% CI includes zero",0.1369,-0.0593,0.1953,5,"delta +0.137 beyond ±0.08 but 95% CI [-0.059, +0.195] includes zero"
06-17-016-20W4 (100),identified,vegetation recovering,detected,"change beyond threshold, not supported: no 95% CI (fewer than 4 matched months)",0.222,,,3,delta +0.222 beyond ±0.08 but no CI (3 matched months < 4)
06-20-029-19W4 (100),detected,no significant change vs baseline,detected,no change beyond threshold vs baseline,0.0041,-0.1871,0.4727,5,|delta| +0.004 below ±0.08
06-21-020-27W4 (Facility),detected,no significant change vs baseline,detected,no change beyond threshold vs baseline,0.0617,-0.3188,0.3683,5,|delta| +0.062 below ±0.08
06-23-016-18W4 (100),detected,no significant change vs baseline,detected,no change beyond threshold vs baseline,-0.0219,-0.3208,0.0585,4,|delta| -0.022 below ±0.08
06-26-019-27W4 (100) - WIPA,detected,no significant change vs baseline,detected,no change beyond threshold vs baseline,0.0696,-0.0343,0.4011,5,|delta| +0.070 below ±0.08
06-30-018-20W4 (100),detected,no significant change vs baseline,detected,no change beyond threshold vs baseline,0.0419,-0.0014,0.1735,5,|delta| +0.042 below ±0.08
06-31-013-19W4 (100),detected,no significant change vs baseline,detected,no change beyond threshold vs baseline,-0.0294,-0.1349,0.164,5,|delta| -0.029 below ±0.08
06-33-011-28W4 (100) - WIPA,detected,no significant change vs baseline,detected,no change beyond threshold vs baseline,0.0313,-0.0194,0.1119,5,|delta| +0.031 below ±0.08
06-35-011-22W4 (102),identified,vegetation recovering,detected,"change beyond threshold, not supported: 95% CI includes zero",0.1112,-0.0278,0.2017,4,"delta +0.111 beyond ±0.08 but 95% CI [-0.028, +0.202] includes zero"
06-35-022-22W4 (100/07-35),detected,no significant change vs baseline,detected,no change beyond threshold vs baseline,0.0187,,,3,|delta| +0.019 below ±0.08
06-36-018-26W4 (Multi) - MIXED,identified,vegetation recovering,detected,"change beyond threshold, not supported: no 95% CI (fewer than 4 matched months)",0.0985,,,2,delta +0.099 beyond ±0.08 but no CI (2 matched months < 4)
07-03-017-20W4 (100),detected,no significant change vs baseline,detected,no change beyond threshold vs baseline,-0.0028,-0.0264,0.1537,4,|delta| -0.003 below ±0.08
07-16-020-27W4 (102/10-16),detected,no significant change vs baseline,detected,no change beyond threshold vs baseline,0.0776,-0.148,0.4249,5,|delta| +0.078 below ±0.08
07-21-022-21W4 (100/02-21),identified,vegetation recovering,detected,"change beyond threshold, not supported: 95% CI includes zero",0.0904,-0.1568,0.2004,4,"delta +0.090 beyond ±0.08 but 95% CI [-0.157, +0.200] includes zero"
07-22-013-21W4 (102),detected,no significant change vs baseline,detected,no change beyond threshold vs baseline,-0.0007,-0.0958,0.1822,5,|delta| -0.001 below ±0.08
07-30-018-26W4 (100),detected,no significant change vs baseline,detected,no change beyond threshold vs baseline,-0.0453,,,2,|delta| -0.045 below ±0.08
08-04-019-27W4 (100),identified,vegetation recovering,detected,"change beyond threshold, not supported: no 95% CI (fewer than 4 matched months)",0.0903,,,2,delta +0.090 beyond ±0.08 but no CI (2 matched months < 4)
08-10-029-26W4 (100),detected,no significant change vs baseline,detected,no change beyond threshold vs baseline,-0.0305,,,2,|delta| -0.030 below ±0.08
08-11-030-01W5 (100),detected,no significant change vs baseline,detected,no change beyond threshold vs baseline,0.0474,-0.0009,0.0852,4,|delta| +0.047 below ±0.08
08-16-014-19W4 (100),detected,no significant change vs baseline,detected,no change beyond threshold vs baseline,0.0552,-0.1453,0.2506,5,|delta| +0.055 below ±0.08
08-19-014-20W4 (100/01-19),detected,no significant change vs baseline,detected,no change beyond threshold vs baseline,0.0066,-0.0362,0.1074,5,|delta| +0.007 below ±0.08
08-21-019-27W4 (100),detected,no significant change vs baseline,detected,no change beyond threshold vs baseline,0.0131,,,2,|delta| +0.013 below ±0.08
08-22-030-01W5 (100),detected,no significant change vs baseline,detected,no change beyond threshold vs baseline,0.0376,-0.0517,0.127,4,|delta| +0.038 below ±0.08
08-23-016-21W4 (100),detected,no significant change vs baseline,detected,no change beyond threshold vs baseline,-0.0129,-0.0318,0.101,5,|delta| -0.013 below ±0.08
08-29-020-27W4 (Facility),detected,no significant change vs baseline,detected,no change beyond threshold vs baseline,0.036,-0.1716,0.2828,5,|delta| +0.036 below ±0.08
08-31-013-20W4 (Facility),detected,no significant change vs baseline,detected,no change beyond threshold vs baseline,0.0306,-0.1246,0.0795,5,|delta| +0.031 below ±0.08
08-31-036-21W4 (100),detected,no significant change vs baseline,detected,no change beyond threshold vs baseline,0.0244,-0.1546,0.045,4,|delta| +0.024 below ±0.08
09-05-014-22W4 (100),detected,no significant change vs baseline,detected,no change beyond threshold vs baseline,0.0025,-0.0435,0.0572,4,|delta| +0.003 below ±0.08
09-09-031-23W4 (100),detected,no significant change vs baseline,detected,no change beyond threshold vs baseline,0.0325,-0.1877,0.0725,5,|delta| +0.033 below ±0.08
09-14-014-20W4 (100),identified,vegetation recovering,identified,NDVI higher than baseline in the analysis square (screening signal),0.1812,0.069,0.2155,5,"delta +0.181 beyond ±0.08 and 95% CI [+0.069, +0.215] excludes zero"
09-18-015-19W4 (102) - WIPA,detected,no significant change vs baseline,detected,no change beyond threshold vs baseline,-0.0513,-0.4161,0.0806,5,|delta| -0.051 below ±0.08
10-02-018-26W4 (100),identified,vegetation recovering,identified,NDVI higher than baseline in the analysis square (screening signal),0.0837,0.0068,0.1117,4,"delta +0.084 beyond ±0.08 and 95% CI [+0.007, +0.112] excludes zero"
10-03-023-26W4 (100),detected,no significant change vs baseline,detected,no change beyond threshold vs baseline,-0.0143,-0.0523,0.0766,4,|delta| -0.014 below ±0.08
10-08-031-01W5 (100),detected,no significant change vs baseline,detected,no change beyond threshold vs baseline,0.0449,0.0089,0.1228,4,|delta| +0.045 below ±0.08
10-31-030-23W4 (100),detected,no significant change vs baseline,detected,no change beyond threshold vs baseline,0.0308,-0.2618,0.0878,5,|delta| +0.031 below ±0.08
10-32-019-27W4 (Multi),detected,no significant change vs baseline,detected,no change beyond threshold vs baseline,0.0587,-0.0752,0.3726,5,|delta| +0.059 below ±0.08
11-02-029-18W4 (102),detected,no significant change vs baseline,detected,no change beyond threshold vs baseline,0.0763,-0.0092,0.1517,4,|delta| +0.076 below ±0.08
11-08-014-22W4 (Multi),detected,no significant change vs baseline,detected,no change beyond threshold vs baseline,0.0788,0.0211,0.1571,4,|delta| +0.079 below ±0.08
11-08-015-18W4 (100/10-08),detected,no significant change vs baseline,detected,no change beyond threshold vs baseline,0.006,-0.0262,0.2996,5,|delta| +0.006 below ±0.08
11-14-017-21W4 (100),detected,no significant change vs baseline,detected,no change beyond threshold vs baseline,0.0261,-0.1297,0.0716,4,|delta| +0.026 below ±0.08
11-20-014-19W4 (100),detected,no significant change vs baseline,detected,no change beyond threshold vs baseline,0.021,-0.2307,0.3305,5,|delta| +0.021 below ±0.08
11-26-029-27W4 (100),detected,no significant change vs baseline,detected,no change beyond threshold vs baseline,0.0289,-0.0162,0.0448,4,|delta| +0.029 below ±0.08
11-27-015-18W4 (Facility),identified,vegetation recovering,detected,"change beyond threshold, not supported: 95% CI includes zero",0.1562,-0.1253,0.4422,4,"delta +0.156 beyond ±0.08 but 95% CI [-0.125, +0.442] includes zero"
12-01-030-01W5 (Facility),detected,no significant change vs baseline,detected,no change beyond threshold vs baseline,0.0321,0.0184,0.0625,4,|delta| +0.032 below ±0.08
12-17-036-03W5 (100),detected,no significant change vs baseline,detected,no change beyond threshold vs baseline,0.0644,-0.0189,0.1217,4,|delta| +0.064 below ±0.08
12-23-020-27W4 (Multi) - MIXED,identified,vegetation recovering,detected,"change beyond threshold, not supported: no 95% CI (fewer than 4 matched months)",0.0889,,,2,delta +0.089 beyond ±0.08 but no CI (2 matched months < 4)
13-01-014-22W4 (100),identified,vegetation recovering,detected,"change beyond threshold, not supported: 95% CI includes zero",0.1021,-0.0349,0.1919,4,"delta +0.102 beyond ±0.08 but 95% CI [-0.035, +0.192] includes zero"
13-17-019-27W4 (100),identified,vegetation recovering,identified,NDVI higher than baseline in the analysis square (screening signal),0.0869,0.003,0.3634,5,"delta +0.087 beyond ±0.08 and 95% CI [+0.003, +0.363] excludes zero"
14-02-017-19W4 (Multi),detected,no significant change vs baseline,detected,no change beyond threshold vs baseline,-0.017,-0.0543,0.0021,5,|delta| -0.017 below ±0.08
14-03-020-27W4 (100),detected,no significant change vs baseline,detected,no change beyond threshold vs baseline,-0.0001,-0.2234,0.2833,5,|delta| -0.000 below ±0.08
14-11-022-25W4 (100/13-11),detected,no significant change vs baseline,detected,no change beyond threshold vs baseline,-0.0393,-0.0614,0.1166,5,|delta| -0.039 below ±0.08
14-14-018-26W4 (100),identified,vegetation recovering,detected,"change beyond threshold, not supported: 95% CI includes zero",0.1375,-0.1838,0.2246,5,"delta +0.138 beyond ±0.08 but 95% CI [-0.184, +0.225] includes zero"
14-27-014-19W4 (Facility),detected,no significant change vs baseline,detected,no change beyond threshold vs baseline,0.0254,-0.0864,0.3414,4,|delta| +0.025 below ±0.08
14-29-012-27W4 (102) - WIPA,identified,vegetation recovering,identified,NDVI higher than baseline in the analysis square (screening signal),0.0889,0.0111,0.5259,4,"delta +0.089 beyond ±0.08 and 95% CI [+0.011, +0.526] excludes zero"
14-30-016-17W4 (100),identified,vegetation stalled or regressing,detected,"change beyond threshold, not supported: 95% CI includes zero",-0.0878,-0.144,0.1224,5,"delta -0.088 beyond ±0.08 but 95% CI [-0.144, +0.122] includes zero"
14-31-021-25W4 (100),detected,no significant change vs baseline,detected,no change beyond threshold vs baseline,0.0322,-0.1149,0.1479,5,|delta| +0.032 below ±0.08
14-31-021-25W4 (100/06-31),detected,no significant change vs baseline,detected,no change beyond threshold vs baseline,0.0322,-0.1149,0.1931,5,|delta| +0.032 below ±0.08
15-04-037-21W4 (100),detected,no significant change vs baseline,detected,no change beyond threshold vs baseline,0.0293,-0.0438,0.1478,5,|delta| +0.029 below ±0.08
15-32-013-19W4 (100) - PS,identified,vegetation recovering,identified,NDVI higher than baseline in the analysis square (screening signal),0.0978,0.0264,0.3073,5,"delta +0.098 beyond ±0.08 and 95% CI [+0.026, +0.307] excludes zero"
16-04-018-26W4 (100),identified,vegetation recovering,identified,NDVI higher than baseline in the analysis square (screening signal),0.1436,0.0313,0.3424,5,"delta +0.144 beyond ±0.08 and 95% CI [+0.031, +0.342] excludes zero"
16-08-023-23W4 (100/04-16),detected,no significant change vs baseline,detected,no change beyond threshold vs baseline,0.0165,-0.051,0.0945,4,|delta| +0.017 below ±0.08
16-09-020-27W4 (Multi),detected,no significant change vs baseline,detected,no change beyond threshold vs baseline,0.0435,0.0082,0.2488,4,|delta| +0.043 below ±0.08
16-12-014-21W4 (Facility),detected,no significant change vs baseline,detected,no change beyond threshold vs baseline,0.0005,-0.0367,0.1097,5,|delta| +0.001 below ±0.08
16-12-036-28W4 (100) - WIPA,detected,no significant change vs baseline,detected,no change beyond threshold vs baseline,-0.0727,-0.3245,0.0877,5,|delta| -0.073 below ±0.08
16-13-022-26W4 (100),identified,vegetation recovering,detected,"change beyond threshold, not supported: 95% CI includes zero",0.0968,-0.1589,0.1689,4,"delta +0.097 beyond ±0.08 but 95% CI [-0.159, +0.169] includes zero"
16-14-018-26W4 (100),identified,vegetation recovering,detected,"change beyond threshold, not supported: 95% CI includes zero",0.1454,-0.1026,0.2044,5,"delta +0.145 beyond ±0.08 but 95% CI [-0.103, +0.204] includes zero"
16-15-030-19W4 (102),identified,vegetation recovering,identified,NDVI higher than baseline in the analysis square (screening signal),0.1285,0.0584,0.2112,5,"delta +0.129 beyond ±0.08 and 95% CI [+0.058, +0.211] excludes zero"
16-16-030-16W4 (100) - WIPA,identified,vegetation recovering,identified,NDVI higher than baseline in the analysis square (screening signal),0.0818,0.0051,0.1532,4,"delta +0.082 beyond ±0.08 and 95% CI [+0.005, +0.153] excludes zero"
16-20-020-27W4 (100),detected,no significant change vs baseline,detected,no change beyond threshold vs baseline,0.0724,-0.1457,0.3355,5,|delta| +0.072 below ±0.08
16-22-013-21W4 (Facility),detected,no significant change vs baseline,detected,no change beyond threshold vs baseline,0.0024,-0.0599,0.085,4,|delta| +0.002 below ±0.08
16-23-023-22W4 (100/01-26),detected,no significant change vs baseline,detected,no change beyond threshold vs baseline,0.0755,-0.0512,0.2595,5,|delta| +0.075 below ±0.08
16-27-019-27W4 (100) - WIPA,detected,no significant change vs baseline,detected,no change beyond threshold vs baseline,0.0077,-0.2046,0.2858,5,|delta| +0.008 below ±0.08
16-36-029-01W5 (Facility),detected,no significant change vs baseline,detected,no change beyond threshold vs baseline,0.0618,0.0163,0.1235,4,|delta| +0.062 below ±0.08
